<?xml version="1.0" encoding="UTF-8"?>
<pages>
<!-- TPL: C:\laragon\www\G\master\templates\tiki-export_page_xml.tpl --><page zip="Model Form/Model Form">
<name><![CDATA[Model Form]]></name>
<comment><![CDATA[Page created and content added.]]></comment><creator><![CDATA[admin]]></creator>
<user><![CDATA[admin]]></user>
<lang>en</lang><is_html>0</is_html>
<wysiwyg>n</wysiwyg>
<created>1678803250</created>
<lastModif>1678803250</lastModif>
<hits>2</hits>

<history>
    <version version="1" zip="Model Form/history/1.txt">
        <user><![CDATA[admin]]></user>
                <comment><![CDATA[Page created and content added.]]></comment>        <lastModif>1678803250</lastModif>
    </version>
</history>
</page>
<!-- /TPL: C:\laragon\www\G\master\templates\tiki-export_page_xml.tpl --><!-- TPL: C:\laragon\www\G\master\templates\tiki-export_page_xml.tpl --><page zip="Model Page/Model Page">
<name><![CDATA[Model Page]]></name>
<creator><![CDATA[admin]]></creator>
<user><![CDATA[admin]]></user>
<lang>en</lang><is_html>0</is_html>
<wysiwyg>n</wysiwyg>
<created>1678803141</created>
<lastModif>1678803141</lastModif>
<hits>12</hits>

<images>
    <image zip=""
                        ><wiki><![CDATA[]]></wiki></image>
    <image zip=""
                        ><wiki><![CDATA[]]></wiki></image>
</images>
<history>
    <version version="1" zip="Model Page/history/1.txt">
        <user><![CDATA[admin]]></user>
                        <lastModif>1678803141</lastModif>
    </version>
</history>
</page>
<!-- /TPL: C:\laragon\www\G\master\templates\tiki-export_page_xml.tpl --><!-- TPL: C:\laragon\www\G\master\templates\tiki-export_page_xml.tpl --><page zip="Bootstrap 5 Cheatsheet/Bootstrap 5 Cheatsheet">
<name><![CDATA[Bootstrap 5 Cheatsheet]]></name>
<creator><![CDATA[admin]]></creator>
<user><![CDATA[admin]]></user>
<is_html>0</is_html>
<wysiwyg>n</wysiwyg>
<created>1649771431</created>
<lastModif>1660129810</lastModif>
<hits>1122</hits>

<history>
    <version version="15" zip="Bootstrap 5 Cheatsheet/history/15.txt">
        <user><![CDATA[admin]]></user>
                        <lastModif>1660129810</lastModif>
    </version>
    <version version="14" zip="Bootstrap 5 Cheatsheet/history/14.txt">
        <user><![CDATA[admin]]></user>
                <comment><![CDATA[Removed empty lines at top of page.]]></comment>        <lastModif>1660129718</lastModif>
    </version>
    <version version="13" zip="Bootstrap 5 Cheatsheet/history/13.txt">
        <user><![CDATA[admin]]></user>
                <comment><![CDATA[Move display grid from body to article#top.]]></comment>        <lastModif>1657780045</lastModif>
    </version>
    <version version="12" zip="Bootstrap 5 Cheatsheet/history/12.txt">
        <user><![CDATA[admin]]></user>
                        <lastModif>1657779767</lastModif>
    </version>
    <version version="11" zip="Bootstrap 5 Cheatsheet/history/11.txt">
        <user><![CDATA[admin]]></user>
                <comment><![CDATA[Seems to be a div tag problem.]]></comment>        <lastModif>1657779464</lastModif>
    </version>
    <version version="10" zip="Bootstrap 5 Cheatsheet/history/10.txt">
        <user><![CDATA[admin]]></user>
                <comment><![CDATA[Updated to contain original getbootstrap.com content and styles.]]></comment>        <lastModif>1657444795</lastModif>
    </version>
    <version version="9" zip="Bootstrap 5 Cheatsheet/history/9.txt">
        <user><![CDATA[admin]]></user>
                <comment><![CDATA[Removed commented-out  scrollspy navbar color classes as they were still being used. Removed Bootstrap docs script link.]]></comment>        <lastModif>1651478226</lastModif>
    </version>
    <version version="8" zip="Bootstrap 5 Cheatsheet/history/8.txt">
        <user><![CDATA[admin]]></user>
                <comment><![CDATA[Commented out bg color class for pills -- maybe a more likely scenario.]]></comment>        <lastModif>1651411432</lastModif>
    </version>
    <version version="7" zip="Bootstrap 5 Cheatsheet/history/7.txt">
        <user><![CDATA[admin]]></user>
                        <lastModif>1651058286</lastModif>
    </version>
    <version version="6" zip="Bootstrap 5 Cheatsheet/history/6.txt">
        <user><![CDATA[admin]]></user>
                        <lastModif>1651057951</lastModif>
    </version>
    <version version="5" zip="Bootstrap 5 Cheatsheet/history/5.txt">
        <user><![CDATA[admin]]></user>
                        <lastModif>1651047927</lastModif>
    </version>
    <version version="4" zip="Bootstrap 5 Cheatsheet/history/4.txt">
        <user><![CDATA[admin]]></user>
                <comment><![CDATA[Testing.]]></comment>        <lastModif>1651047033</lastModif>
    </version>
    <version version="3" zip="Bootstrap 5 Cheatsheet/history/3.txt">
        <user><![CDATA[admin]]></user>
                <comment><![CDATA[Commented out text-dark instances to make samples more generic.]]></comment>        <lastModif>1651046601</lastModif>
    </version>
    <version version="2" zip="Bootstrap 5 Cheatsheet/history/2.txt">
        <user><![CDATA[admin]]></user>
                <comment><![CDATA[Changed navbar bg-primary to bg-dark]]></comment>        <lastModif>1650777529</lastModif>
    </version>
    <version version="1" zip="Bootstrap 5 Cheatsheet/history/1.txt">
        <user><![CDATA[admin]]></user>
                <comment><![CDATA[Content copied from Other/tiki-bootstrap5-z]]></comment>        <lastModif>1649771431</lastModif>
    </version>
</history>
</page>
<!-- /TPL: C:\laragon\www\G\master\templates\tiki-export_page_xml.tpl --><!-- TPL: C:\laragon\www\G\master\templates\tiki-export_page_xml.tpl --><page zip="Tiki and Bootstrap Sample Elements/Tiki and Bootstrap Sample Elements">
<name><![CDATA[Tiki and Bootstrap Sample Elements]]></name>
<creator><![CDATA[admin]]></creator>
<user><![CDATA[admin]]></user>
<is_html>0</is_html>
<wysiwyg>n</wysiwyg>
<created>1624990063</created>
<lastModif>1652020137</lastModif>
<hits>147</hits>

<history>
    <version version="11" zip="Tiki and Bootstrap Sample Elements/history/11.txt">
        <user><![CDATA[admin]]></user>
                        <lastModif>1651999361</lastModif>
    </version>
    <version version="10" zip="Tiki and Bootstrap Sample Elements/history/10.txt">
        <user><![CDATA[admin]]></user>
                        <lastModif>1651407915</lastModif>
    </version>
    <version version="9" zip="Tiki and Bootstrap Sample Elements/history/9.txt">
        <user><![CDATA[admin]]></user>
                <comment><![CDATA[Updated alert close buttons.]]></comment>        <lastModif>1651407720</lastModif>
    </version>
    <version version="8" zip="Tiki and Bootstrap Sample Elements/history/8.txt">
        <user><![CDATA[admin]]></user>
                        <lastModif>1651153975</lastModif>
    </version>
    <version version="7" zip="Tiki and Bootstrap Sample Elements/history/7.txt">
        <user><![CDATA[admin]]></user>
                <comment><![CDATA[Checking, but autotoc seems to be broken when there are HTML headings.]]></comment>        <lastModif>1634234358</lastModif>
    </version>
    <version version="6" zip="Tiki and Bootstrap Sample Elements/history/6.txt">
        <user><![CDATA[admin]]></user>
                        <lastModif>1626688759</lastModif>
    </version>
    <version version="5" zip="Tiki and Bootstrap Sample Elements/history/5.txt">
        <user><![CDATA[admin]]></user>
                        <lastModif>1626688685</lastModif>
    </version>
    <version version="4" zip="Tiki and Bootstrap Sample Elements/history/4.txt">
        <user><![CDATA[admin]]></user>
                        <lastModif>1626687698</lastModif>
    </version>
    <version version="3" zip="Tiki and Bootstrap Sample Elements/history/3.txt">
        <user><![CDATA[admin]]></user>
                        <lastModif>1626687616</lastModif>
    </version>
    <version version="2" zip="Tiki and Bootstrap Sample Elements/history/2.txt">
        <user><![CDATA[admin]]></user>
                <comment><![CDATA[Added a form with bg-light.]]></comment>        <lastModif>1626687554</lastModif>
    </version>
    <version version="1" zip="Tiki and Bootstrap Sample Elements/history/1.txt">
        <user><![CDATA[admin]]></user>
                <comment><![CDATA[Page created and content added from another site.]]></comment>        <lastModif>1624990063</lastModif>
    </version>
</history>
</page>
<!-- /TPL: C:\laragon\www\G\master\templates\tiki-export_page_xml.tpl --></pages>
